PC1,PC2,PC3,PC4,PC5,onetsoc_code
-12.757872,-4.5560436,2.2611468,7.2320633,1.7470533,11-1011.00
-10.10675,-0.7020601,0.48993528,3.3963296,3.1293528,11-1011.03
-6.7186465,-0.0093987025,-0.027435865,5.6134806,0.6390752,11-1021.00
-9.083548,1.4971943,-0.49726194,3.8920715,2.854714,11-2011.00
-9.342248,0.54678833,-1.0953488,4.6469107,2.2719703,11-2021.00
-9.541526,0.80593413,0.30294544,5.6467223,0.955128,11-2022.00
-4.897347,0.25827143,1.0030925,5.4108753,-1.1310341,11-3012.00
-7.080232,-2.496037,-3.3251355,2.1907635,-0.0022249443,11-3021.00
-9.057977,1.8334757,-1.2266061,5.123656,-2.3097706,11-3031.00
-9.199778,0.6899612,-3.89732,3.9316244,-2.1810853,11-3031.01
-8.690419,0.87898153,-3.378002,2.7114146,-1.7298312,11-3031.03
-4.0894136,-5.6380177,0.68832386,4.4161315,0.35109252,11-3051.00
-5.2498198,-5.8343587,-1.500429,1.3482924,-0.9382454,11-3051.01
-3.2723591,-6.9036326,0.40990555,4.091338,0.72968847,11-3051.02
-2.81933,-5.553149,-0.0038227183,3.4093072,-0.033624016,11-3051.03
-2.7263076,-6.504047,0.24144907,3.8383014,-0.106902525,11-3051.04
-3.3957875,-8.105906,0.41895163,3.575449,-0.6020807,11-3051.06
-9.313731,-0.123468116,-0.4854014,6.762803,0.06731269,11-3061.00
-6.394303,-0.9924168,0.69836897,6.222182,0.14020589,11-3071.00
-9.017355,-1.6846769,-0.9323211,6.777563,0.2584718,11-3071.04
-8.621846,4.7336187,-1.7205645,3.69406,-1.0162568,11-3111.00
-10.848623,0.7688397,2.1114829,3.6639092,-0.5973415,11-3121.00
-10.833098,-0.2909196,1.448123,2.3742511,2.0841575,11-3131.00
-0.9499095,-5.1276326,1.8541068,4.1308727,1.1664916,11-9013.00
-5.60939,-5.407259,-0.33815628,5.8985987,1.3372383,11-9021.00
-8.880597,-0.76714957,4.4157557,3.3174596,2.1149185,11-9031.00
-11.789754,-2.995928,4.8291116,2.8507316,1.840096,11-9032.00
-11.644286,0.15614767,1.9339411,2.271156,0.5310016,11-9033.00
-8.002973,-4.4007344,-2.9335482,3.7034016,2.126155,11-9041.00
-2.6088989,-4.959907,-3.3247705,-0.28247476,0.26582944,11-9041.01
-2.9399533,-0.22087917,3.4316063,4.8957143,0.587359,11-9051.00
-6.5153575,-1.5343342,2.2778141,4.934171,-1.680463,11-9071.00
-7.2124205,-2.8549352,5.446748,7.116097,0.49942455,11-9081.00
-11.216474,-1.6887405,1.5342084,3.8457584,-0.10913688,11-9111.00
-7.0987616,-2.7231195,-2.0470264,0.77791613,0.5090432,11-9121.00
-7.9006824,0.36609504,-0.04391588,-0.2634534,-2.3132021,11-9121.01
-6.8217745,-3.67724,-4.217636,0.789446,1.1507477,11-9121.02
-6.4915047,-1.1403021,2.0656345,5.7498417,-0.82271093,11-9131.00
-6.2926207,3.754485,-0.57729125,6.3107667,-0.12110637,11-9141.00
-10.0007105,-0.20994222,3.6709907,2.7948678,0.6750354,11-9151.00
-9.2233515,-4.2169504,4.506544,4.5236464,0.8388678,11-9161.00
-3.7331,1.5433517,4.312059,3.3101685,-0.6049869,11-9171.00
-3.9198687,0.1872076,4.791839,1.8514605,2.7692962,11-9179.01
-6.1905518,0.07138934,2.470855,4.472314,-0.8057306,11-9179.02
-8.069475,1.3830371,-1.6814767,0.80431014,-1.5672164,11-9199.01
-7.1494823,1.5258143,1.2389209,2.6521802,-1.8885417,11-9199.02
-6.2365766,-2.79159,3.3287337,3.1649303,-0.65568316,11-9199.08
-2.5880427,-5.3405676,1.3350785,4.508996,-0.80233246,11-9199.09
-6.292902,-1.5299044,-1.6344328,4.7304387,0.999616,11-9199.10
-7.7683196,-2.3827581,-3.1968935,2.2836373,0.4045231,11-9199.11
-7.740397,6.8090744,0.50164974,3.308211,1.8264749,13-1011.00
-3.6859863,1.8262284,-1.2460976,5.5587726,0.5850823,13-1021.00
-4.4203153,2.685643,-2.7134428,3.9056988,0.3647548,13-1022.00
-8.120357,1.8800882,-1.6573727,5.4444633,0.19464025,13-1023.00
-6.6571383,1.1772354,-1.0838706,1.3335061,-3.4607875,13-1031.00
0.36477318,3.189158,-1.8572487,1.8491532,-2.4235299,13-1032.00
-1.4614465,0.025569467,3.1775963,1.0881405,-3.3483632,13-1041.00
-2.6874747,-4.848994,-0.6883899,-1.0610492,-3.1240435,13-1041.01
-8.870388,2.5778706,0.9840708,-0.48543975,-2.6842425,13-1041.03
-3.087065,-6.6845927,2.6997533,2.4010553,-2.3512244,13-1041.04
-3.6120117,-1.7618301,4.0359254,-2.0868587,-2.4141605,13-1041.06
-7.4636617,1.3099374,-2.591702,0.012076559,-2.2754118,13-1041.07
-6.8446994,3.1385608,-1.6107057,4.4505568,-2.1066074,13-1041.08
-5.894044,1.0572304,-6.163928,3.9282303,-0.3588038,13-1051.00
-6.336023,6.2523303,-0.56535083,1.63791,-2.1753733,13-1071.00
3.5092947,5.5476265,2.2513597,3.3446543,-0.83983666,13-1074.00
-8.766503,3.7371025,0.69156766,1.7955452,-0.9975757,13-1075.00
-8.702996,-0.78314,-0.8821367,5.158261,0.025079831,13-1081.00
-7.7293544,-4.1941667,-5.265823,3.0687337,0.3881461,13-1081.01
-6.8684483,-0.6593144,-3.131882,3.1278229,-2.0196161,13-1081.02
-10.500616,-0.063093774,0.13668577,3.1735284,0.2657708,13-1111.00
-6.1103926,-0.61994725,2.8622065,4.2491794,1.157776,13-1121.00
-8.82518,4.436327,-0.46656227,3.533474,1.2074866,13-1131.00
-6.9354935,3.4432516,-1.7859204,2.3045974,-1.0176349,13-1141.00
-9.710646,1.4534632,2.0814688,0.16940948,2.0669518,13-1151.00
-8.914683,2.121176,-2.6608424,1.2607508,0.44844988,13-1161.00
-8.303719,2.6328077,-3.1339037,1.057268,0.8125211,13-1161.01
-8.947802,-0.5604141,-1.1927778,3.016014,0.15079167,13-1199.04
-6.932251,1.3688612,-1.7068851,1.6243904,2.1944866,13-1199.05
-4.466534,5.2184196,-4.257514,4.9066286,1.1142805,13-1199.06
-7.4510555,1.7848885,-4.5231395,2.6992304,-3.5868988,13-2011.00
-2.5217724,1.977874,-1.8817716,2.8851442,-1.991313,13-2023.00
-7.4004693,2.9722962,-3.9816232,2.862727,-2.8692348,13-2031.00
-4.762394,4.954359,-5.749126,1.3493506,-3.643289,13-2041.00
-8.991401,2.990454,-1.9301198,1.9635956,-2.0543394,13-2052.00
-4.4224467,5.5052156,-3.563563,1.1057259,-2.080481,13-2053.00
-8.971106,1.0276362,-3.2357404,0.85311496,-3.6604333,13-2061.00
-7.1635237,5.7833257,-1.0291833,0.65723383,-1.7194458,13-2071.00
-5.800099,5.1334515,-2.550742,2.6929944,-2.2698727,13-2072.00
-5.856186,3.673209,-2.12045,1.4421115,-4.1060143,13-2081.00
-3.7157176,6.45609,-4.72811,1.6260531,-2.6302512,13-2082.00
-6.591019,1.4282979,-6.9585867,0.25153774,-1.5898743,13-2099.01
-8.338483,1.4007032,-0.0057924753,2.8717372,-2.2237453,13-2099.04
-5.239334,-2.4569216,-5.3158503,-0.27557632,-1.129809,15-1211.00
-9.237477,-2.7475584,-0.7141147,-1.2535241,0.3478459,15-1211.01
-4.827764,-0.90561527,-3.956059,0.34827217,-1.8387258,15-1212.00
-6.6441855,-3.6775904,-6.281066,-0.6517173,1.578131,15-1221.00
-0.78513175,-0.03923037,-4.7099895,-0.6629194,-0.8972392,15-1231.00
-2.371352,-0.8997489,-2.6900995,0.4707765,-0.3124982,15-1232.00
-4.955425,-3.7796295,-5.571217,0.4175231,0.5406289,15-1241.00
-0.9958216,-1.9667026,-3.919137,1.857094,1.1998955,15-1241.01
-5.1477194,-0.56452394,-5.7799745,0.42248917,-1.4158723,15-1242.00
-4.732242,-0.5494817,-7.0483747,-0.935878,-0.1359941,15-1243.00
-4.152506,1.9649211,-7.724896,-0.6618115,-0.83287364,15-1243.01
-2.6139946,-4.539065,-5.200991,0.45606455,-0.66535634,15-1244.00
-4.321872,0.37650108,-7.366896,-0.3012801,0.46033984,15-1251.00
-3.8402452,-0.08117256,-6.430028,-2.6728222,-1.2321553,15-1253.00
-3.9850354,0.92236906,-6.3577056,-1.7072121,1.0691897,15-1254.00
-6.295488,-0.31735525,-4.882017,-2.0750117,4.059748,15-1255.01
-5.067754,0.5477953,-4.775272,0.09995957,0.66304886,15-1299.01
-4.701669,-1.3606566,-4.9358554,-0.72872204,0.43592817,15-1299.02
-5.934434,2.1069648,-3.0212429,1.2205485,-0.993423,15-1299.03
-7.064741,-2.8021576,-5.735475,0.083114274,0.5211245,15-1299.08
-9.3078375,-0.92047787,-2.0274317,4.7884846,0.9085578,15-1299.09
-8.320447,-0.14416414,-6.1314096,0.98791605,-2.7465081,15-2011.00
-6.819003,0.03707921,-8.388331,-3.9580128,-1.0610017,15-2021.00
-8.396861,-0.43425965,-7.5667033,-0.5170494,-0.1896702,15-2031.00
-6.79619,0.7266939,-7.699011,-3.5286663,-2.475394,15-2041.00
-8.469328,-0.34859616,-5.7752705,-3.4571416,-1.2282203,15-2041.01
-7.2580605,3.0829003,-5.2307315,0.36259484,-1.299402,15-2051.01
-7.092282,0.45324683,-4.3092613,-1.2841798,-3.262504,15-2051.02
-5.1759806,-0.6342942,-6.4366975,-2.9904041,-2.1595352,15-2099.01
-7.6890845,-6.027046,-2.2525115,2.8015072,5.368857,17-1011.00
-7.8105674,-3.0537176,-0.8482321,2.1495185,5.615495,17-1012.00
-1.9263078,0.77094555,-4.5515637,-0.8304987,0.07356196,17-1021.00
-0.48515585,-5.035122,-1.4059228,3.0645115,0.018519431,17-1022.00
-1.8561089,-5.3939157,-4.053495,-0.062061243,-1.0117347,17-1022.01
-6.2320557,-5.1267066,-6.870909,-0.50147974,1.1366538,17-2011.00
-4.6988792,-7.548546,-2.713404,1.2151648,2.2886536,17-2021.00
-6.306757,-8.685108,-5.2668843,-2.3940854,2.1540914,17-2031.00
-5.1095195,-7.654822,-7.4216785,-0.3036692,1.425523,17-2041.00
-6.412275,-5.9000826,-4.952675,3.1058564,1.5907112,17-2051.00
-7.575826,-5.7978888,-4.5242934,3.499562,2.6792347,17-2051.01
-7.350382,-5.78081,-5.68314,1.9456619,1.8618304,17-2051.02
-4.527291,-3.3442986,-7.3070583,-1.6125158,1.1777517,17-2061.00
-5.1053963,-4.720266,-5.377459,0.42814282,0.8626298,17-2071.00
-3.0613158,-6.585307,-6.7738495,-1.3734614,1.2824998,17-2072.00
-3.1954594,-1.5822002,-4.6454806,0.6176849,1.5449104,17-2072.01
-7.4449697,-3.4975305,-3.6821637,0.22702451,0.90845543,17-2081.00
-4.8538613,-5.8356943,-0.6660322,0.40528363,0.58452374,17-2111.00
-5.773186,-6.027519,-4.2142425,1.2450066,1.780106,17-2111.02
-3.7771487,-3.2609272,-3.9244153,1.8197155,0.7496818,17-2112.00
-7.133413,-2.0619848,-3.7695744,-1.4689215,1.2855729,17-2112.01
-4.618978,-3.054317,-4.3930492,-0.42123443,-0.8503328,17-2112.02
-2.786533,-9.999385,-4.1221743,0.9599702,2.2068572,17-2112.03
-3.0112998,-7.251112,-3.6572726,1.709391,1.660262,17-2121.00
-4.0228896,-5.320955,-5.836391,-1.040377,1.7759079,17-2131.00
-3.6814058,-6.5292687,-7.684778,0.65536153,1.8887409,17-2141.00
-2.804488,-6.7599983,-7.029218,-1.7785952,0.8716382,17-2141.01
-4.7839856,-7.136336,-5.0351396,1.5274631,2.0042489,17-2141.02
-6.957284,-6.827675,-5.3155384,2.0133643,0.6154805,17-2151.00
-6.392768,-7.569637,-5.4284706,-0.9701636,0.15189207,17-2161.00
-6.851228,-4.521879,-4.7402983,1.1718266,0.38667443,17-2171.00
-7.0708113,-4.004655,-4.2581153,1.3637944,1.0525206,17-2199.03
-2.4671342,-5.297443,-6.5203648,-1.2350892,1.0334164,17-2199.05
-3.6580966,-6.832687,-5.4428563,-0.9269712,0.43836868,17-2199.06
-2.6267657,-5.6241446,-8.184193,-2.44111,1.4384152,17-2199.07
-2.3169222,-11.197863,-5.2085233,-0.45812732,1.7996765,17-2199.08
-4.5647807,-7.1809597,-5.9546924,-2.520695,1.4622153,17-2199.09
-3.6454067,-1.7683997,-5.5104666,1.9201733,2.8080606,17-2199.10
-1.9231294,-4.3453383,-3.8563364,1.0462689,1.633917,17-2199.11
-2.199033,0.03136945,-5.4001064,0.6214294,2.546747,17-3011.00
-1.8711764,-0.98109996,-4.9802723,0.48222998,1.2884531,17-3012.00
-0.6636271,-0.49207562,-7.4016485,-0.025533093,3.029924,17-3013.00
1.1457791,-5.951981,-4.4709606,-0.63525355,-1.2529399,17-3021.00
-2.2685509,-2.9822137,-4.3859096,2.2381532,0.24587232,17-3022.00
0.7483613,-4.778932,-4.998719,-0.57328403,0.38036984,17-3023.00
5.763029,-7.4693513,-3.3748035,-2.2155828,-1.0165551,17-3024.00
3.7998047,-8.961083,-3.273884,-1.7375262,-0.39974272,17-3024.01
0.62061185,-6.1770616,-1.3855714,-0.2062507,-0.15635383,17-3025.00
-0.7660919,-4.677456,-4.3440757,-0.65352595,0.13053992,17-3026.00
1.6569389,-4.592516,-4.7924013,-2.8623066,-0.7762734,17-3026.01
1.7255986,-7.39539,-2.725092,-0.39225277,-0.23188901,17-3027.00
3.4747136,-5.9247136,-2.2953086,-0.17227747,0.02365286,17-3027.01
2.2482445,-6.4516716,-0.9988812,0.17093594,-0.5597263,17-3029.01
3.3199031,-3.7077885,-5.71178,-1.775924,0.009588686,17-3029.08
1.2008016,-2.1128066,-3.3956215,0.2911134,0.23287745,17-3031.00
-5.8638434,-4.4254,-0.8804105,-1.0623941,0.35502842,19-1011.00
-4.4551997,-4.607114,-1.8683224,-1.999791,0.36301968,19-1012.00
-4.372151,-5.6778846,-1.1615098,-0.95822674,1.278064,19-1013.00
-6.5058584,-6.773641,-4.9188256,-5.4914474,0.4431189,19-1021.00
-4.9879313,-5.2820444,-2.481235,-3.9797976,-1.3604189,19-1022.00
-3.8535328,-3.8801198,1.3831582,-0.17463814,-0.83167446,19-1023.00
-7.6738873,-3.9852996,-4.775383,-3.086267,-1.1912178,19-1029.01
-7.025968,-6.1500144,-2.5057096,-3.6455564,-0.2762008,19-1029.02
-8.289393,-3.8234885,-2.937821,-4.9064717,-0.9809392,19-1029.03
-5.5778904,-4.348505,-1.6476002,-1.5289012,-0.97008663,19-1029.04
-2.2161503,-4.052223,0.9048075,1.1201116,1.3148421,19-1031.00
-2.6042366,-2.830364,1.5306455,1.7958426,0.9971779,19-1031.02
-2.9511244,-0.9503876,5.0194798,-0.2935072,2.269025,19-1031.03
-2.1570783,-5.7420764,1.8535163,2.7473853,0.13471752,19-1032.00
-11.652002,-2.7354784,-0.7826448,-2.9861724,-0.53462946,19-1041.00
-7.201536,-2.9868155,-3.2874622,-4.8428674,-1.8759564,19-1042.00
-7.1632347,-4.7026744,-5.61131,-2.8268769,0.29162902,19-2011.00
-9.027818,-6.4449778,-6.7301955,-2.4982865,0.5154501,19-2012.00
-7.8154693,-2.1093814,-3.1814737,-1.2710577,-0.16192618,19-2021.00
-2.4934454,-5.0972605,-4.5059247,-2.6728268,-1.0988706,19-2031.00
-4.915711,-4.831191,-6.0903187,-2.3674116,0.49328458,19-2032.00
-5.9213543,-3.3493557,-1.1058903,-0.31975096,-1.2972317,19-2041.00
-7.8468385,1.2272063,-2.9731905,-1.0078893,0.08973192,19-2041.01
-4.978986,-4.3899426,-1.307282,0.9214781,1.3635231,19-2041.02
-7.023945,-1.7217543,-5.0487823,-0.6812957,1.2610785,19-2041.03
-4.4502354,-3.8112793,-2.0484097,-1.87784,0.29933438,19-2042.00
-3.651044,-4.789852,-3.0564308,-1.9104513,0.3005085,19-2043.00
-6.837473,-4.1068006,-5.25935,-1.2074391,1.0001638,19-2099.01
-8.78463,2.5117762,-4.3813076,-0.93053883,0.09598812,19-3011.00
-8.62855,0.9259178,-4.7792635,-0.76547945,-0.6343116,19-3011.01
-8.522598,1.9360551,-3.5260262,-0.2864611,-1.2090454,19-3022.00
-12.94965,-1.1839736,0.046760935,0.05360605,0.54174554,19-3032.00
-10.472498,2.5791304,4.7210264,-3.199168,-0.66982716,19-3033.00
-10.107897,2.465823,2.8856184,-2.9908211,-1.5086987,19-3034.00
-10.126559,4.3417597,0.643085,-3.552921,2.47326,19-3041.00
-8.927287,-0.095691614,-0.52534336,2.0049365,1.6926717,19-3051.00
-6.79844,-1.3847897,2.1757038,-3.9617171,2.6139646,19-3091.00
-7.8452315,0.38234752,-2.0325842,-2.5091076,1.545019,19-3092.00
-5.9728665,5.575155,0.03699067,-2.3507261,2.9568238,19-3093.00
-9.515606,4.408754,0.096017644,-2.8063898,1.2385256,19-3094.00
-8.163767,-1.7160922,-2.7560916,2.235776,1.1672133,19-3099.01
1.5646367,-2.4082406,-0.57346696,0.49815965,-0.46276498,19-4012.00
-0.15009375,-4.5330386,-1.7211158,0.46693012,0.2466998,19-4012.01
1.4914078,0.459842,-3.845436,-2.7251368,-2.3400874,19-4013.00
0.52587014,-2.1935003,-3.839922,-4.843308,-2.5215335,19-4021.00
0.3025905,-4.2182393,-3.447335,-3.6607854,-1.3988788,19-4031.00
-0.79819465,-3.906277,-0.26848114,-0.52606314,-1.3700291,19-4042.00
2.2009473,-1.5045247,-3.2579374,-1.2076048,-0.35947233,19-4043.00
3.6834297,-8.048067,-0.33977547,-1.9716641,-3.8193457,19-4051.00
0.23564193,-4.780269,-1.3875937,-2.5757205,-3.6846287,19-4051.02
-4.5979652,3.406437,-4.306745,-2.5105307,-1.5555068,19-4061.00
2.6881552,-4.6674366,3.076761,1.3199402,0.8214063,19-4071.00
-1.1682179,-5.0178804,1.6457407,-2.3695462,-3.3226845,19-4092.00
0.81312495,-2.2679617,-2.9445765,-1.6024114,-1.515808,19-4099.01
-1.7346282,-2.3069139,-5.3121376,-0.1067434,-0.40254304,19-4099.03
-4.842292,-6.064092,0.5498884,-0.35291234,-0.4523658,19-5011.00
-2.3696308,-3.236383,1.0271832,0.6762379,-0.151175,19-5012.00
-7.653899,0.49197835,7.2284436,-1.0556517,0.6309626,21-1011.00
-8.7626505,3.164737,5.4862366,-2.8940413,-0.24706957,21-1012.00
-10.244855,2.8638263,4.839508,-4.255058,-0.41967845,21-1013.00
-9.97992,1.926696,5.3556404,-3.0440075,-0.5141984,21-1014.00
-7.8472757,4.445288,4.0577164,-0.3412669,0.23811887,21-1015.00
-7.497735,1.0877455,6.499899,-1.285744,-0.7042682,21-1021.00
-8.414258,3.0746663,6.2729816,-3.0232248,0.33152917,21-1022.00
-9.239864,1.219339,5.6188626,-3.2722523,-0.47931585,21-1023.00
-8.023286,2.440024,4.2869015,-0.8313291,0.9443498,21-1091.00
-3.8266585,2.9618554,5.356681,-1.0046395,-1.8120402,21-1092.00
-4.946631,3.5965996,4.398352,-1.7834119,-1.722149,21-1093.00
-4.4746637,0.869009,6.061217,-0.3727758,-0.5605673,21-1094.00
-11.989855,1.9515035,6.3717346,1.2341369,3.283073,21-2011.00
-8.650367,2.9884996,3.5713043,0.35138947,2.5967107,21-2021.00
-10.621139,0.4297213,0.7303703,1.3772637,-1.25276,23-1011.00
-6.171523,5.20725,-2.116233,-2.1025841,-3.616003,23-1012.00
-8.14388,3.112311,0.35331523,-0.7399758,-4.100676,23-1021.00
-8.131894,6.003543,0.38680187,-0.43236712,-1.9268882,23-1022.00
-10.152496,2.529414,1.2969087,-1.1637144,-2.800019,23-1023.00
-4.0629168,6.723481,-2.078425,-1.3041078,-3.785157,23-2011.00
-2.0783093,7.8089294,-4.1330843,-0.271193,-3.5454686,23-2093.00
-9.684929,3.1252542,-0.08826262,0.40629992,1.1085086,25-1011.00
-9.135972,-0.68775964,-1.2752779,0.33613685,1.8097245,25-1021.00
-7.8143897,2.7566702,-3.6037743,-3.1261413,-0.59447783,25-1022.00
-9.341785,-1.1324679,0.5328494,-1.115245,5.584356,25-1031.00
-7.9622755,-2.6305645,-4.4122133,-1.491638,2.2488441,25-1032.00
-7.093447,-0.21796726,2.197363,-0.75789183,2.685552,25-1041.00
-8.8110075,0.18796314,-0.37541574,-4.2904572,1.2670038,25-1042.00
-7.467918,-0.3885791,0.98291487,-1.2890046,1.2753427,25-1043.00
-9.113269,0.50158966,-1.1150424,-3.2911954,1.4729227,25-1051.00
-8.152456,-1.424151,-1.484219,-3.500789,0.96513975,25-1052.00
-8.780921,0.67417085,-0.6679541,-2.4400733,2.2112973,25-1053.00
-6.71807,-1.6067523,-2.9322336,-3.1410482,1.4045174,25-1054.00
-10.934064,1.9096956,3.776108,-4.0663424,3.6273699,25-1061.00
-9.21444,4.7558856,2.411215,-3.180941,3.814304,25-1062.00
-8.035128,3.2201996,-1.6925313,-1.207975,0.2239787,25-1063.00
-8.469061,3.428794,-0.41319883,-3.3903422,2.8295567,25-1064.00
-8.639185,6.0263805,1.564664,-2.7696862,2.2716725,25-1065.00
-10.102634,3.6282032,1.7074957,-4.3902984,2.2326033,25-1066.00
-9.637249,5.529691,2.4094315,-3.2764368,3.0035985,25-1067.00
-7.915463,0.6236839,3.0212123,-2.639115,1.3841251,25-1071.00
-7.9779315,-1.2771407,4.771405,-3.7876935,0.35644346,25-1072.00
-9.52173,4.0744047,2.272093,-2.732125,2.204249,25-1081.00
-8.978597,3.4037776,1.2449456,-2.3658013,1.2879151,25-1082.00
-8.822009,4.504141,2.498873,-0.71142757,1.3039855,25-1111.00
-9.208141,5.095882,0.7859506,-2.4975784,1.2799408,25-1112.00
-10.767492,3.7820199,3.399111,-2.707986,1.9990262,25-1113.00
-7.274449,2.4199977,3.5884657,-3.4658895,7.2084017,25-1121.00
-9.8573675,4.947851,3.23444,-2.1701388,3.5391362,25-1122.00
-10.022351,5.734281,3.1069677,-3.5939934,3.810638,25-1123.00
-8.079538,6.679144,2.1985373,-4.235736,3.083569,25-1124.00
-10.107941,5.291068,3.0709195,-2.7234569,3.5988307,25-1125.00
-8.618426,6.409608,1.6924931,-4.930486,3.0065398,25-1126.00
-7.7901764,3.891647,1.157229,-1.5825205,2.446638,25-1192.00
-7.7547727,1.8812695,1.9922756,-1.9565547,2.5069513,25-1193.00
-2.3193686,-1.4333885,2.561722,0.06287589,2.9107294,25-1194.00
-3.6395316,2.8668807,4.906781,-2.1395328,1.9658982,25-2011.00
-6.866513,1.7360551,5.648247,-2.371744,2.4138403,25-2012.00
-8.279699,-0.3604374,3.850468,-3.3760953,1.3884683,25-2021.00
-9.130211,1.2026341,3.099633,-1.5003413,1.9403946,25-2022.00
-5.511891,-1.2213892,3.3422515,-1.0036079,2.2761643,25-2023.00
-9.24216,0.48638877,2.537172,-2.0324814,1.6827009,25-2031.00
-6.3423753,-2.717014,4.104773,0.040622436,1.5594755,25-2032.00
-5.5274587,2.2420626,5.6930385,-4.094785,0.32500193,25-2051.00
-9.449004,1.528971,3.2366586,-2.7431548,0.5730032,25-2057.00
-8.8642,-0.86025375,4.3111835,-1.082728,1.8849821,25-2058.00
-3.432986,-0.048167743,6.575885,-4.110547,0.96139485,25-2059.01
-7.22715,5.1370068,0.7775969,-3.050469,-0.0755113,25-3011.00
-1.4487187,6.8900123,0.592586,-3.1885896,2.924366,25-3021.00
-7.76338,4.2051616,1.0865966,-3.4717941,0.13265513,25-3041.00
-4.175388,3.4779575,-0.8287644,-0.63903975,1.7920603,25-4011.00
-6.8196373,0.43536037,1.0148315,-0.022377165,4.5827208,25-4012.00
0.88553166,0.26183906,-0.41314748,-2.1683378,3.2127538,25-4013.00
-4.70515,3.5473917,0.92811424,0.672582,0.5223793,25-4022.00
1.1945301,6.841658,-0.41522342,-0.9920481,-0.43558443,25-4031.00
-7.083697,-3.1948647,3.2655046,1.2361686,1.2888813,25-9021.00
-11.412393,-0.45209354,3.181809,0.25833663,2.1873786,25-9031.00
-4.2020774,5.6997385,-1.1374216,-3.1262124,1.574909,25-9044.00
-7.1351056,0.9188265,-1.4884876,0.78311014,6.483566,27-1011.00
4.790116,2.998635,-2.7262604,0.14539844,7.2383223,27-1012.00
2.7800412,2.4704423,-2.275424,-1.0811893,7.6635604,27-1013.00
-3.207968,1.7199886,-3.3806956,0.11010984,4.4685664,27-1014.00
-3.5012624,-2.5753155,-4.908252,0.18373159,4.738922,27-1021.00
-5.4042087,-1.1469495,-0.68930995,0.5553057,4.98565,27-1022.00
1.1025499,3.6551797,-0.6013778,1.0800064,4.1731877,27-1023.00
-3.9587443,3.8299897,-2.539539,0.25016218,6.958201,27-1024.00
-7.1380563,-0.809513,-1.0287491,2.6197357,6.137261,27-1025.00
2.720885,3.6117637,0.14352778,0.053322803,4.283698,27-1026.00
-3.7858548,-2.5836387,-0.8544541,0.45373097,8.001986,27-1027.00
-2.2373621,8.96424,3.454836,-3.4368384,6.350389,27-2011.00
-6.5929074,-2.4049227,1.3474083,1.7452576,2.7028575,27-2012.00
-9.013279,-1.7510225,1.7061534,4.3814077,2.7094495,27-2012.03
-6.7812324,5.1302595,1.0021467,1.7347525,2.5476718,27-2012.04
-3.369472,-3.646862,0.47143602,0.8640581,0.25423038,27-2012.05
3.6284962,-0.46757722,7.098277,1.9561551,2.4980326,27-2021.00
-6.835874,-3.0270705,6.0338864,0.9126272,2.7895622,27-2022.00
2.310139,3.0417402,2.5668151,-0.82212365,-2.1687868,27-2023.00
7.3009,7.2949033,6.0929465,-2.2856467,6.340568,27-2031.00
-1.4224342,1.2343287,7.6455197,-1.309273,8.546007,27-2032.00
-2.7507203,1.645097,3.0523624,-0.8850848,4.6203165,27-2041.00
2.1143117,3.9915552,2.5299795,-2.8402197,3.69208,27-2042.00
-4.286726,3.8351018,2.4132402,0.40586656,2.042457,27-3011.00
-7.0879145,3.8494923,1.3696263,-0.25452763,1.4178697,27-3023.00
-9.1219425,4.9736166,1.02185,2.0908608,2.981374,27-3031.00
-6.92192,2.952851,-1.063072,-0.49180496,1.4022583,27-3041.00
-3.5893438,5.1960316,-4.334106,-0.44330403,0.6279701,27-3042.00
-6.367499,7.6044283,0.102374874,-0.079681285,3.4119854,27-3043.00
-4.92159,6.679859,-1.7640063,-4.1015387,4.4109473,27-3043.05
-4.531352,3.7447784,2.7126098,-2.3441572,-1.1482285,27-3091.00
1.5795383,8.63565,-2.8221726,-0.31140816,-4.7483253,27-3092.00
1.6184324,-2.8466094,-0.30078632,-0.24200337,2.2649937,27-4011.00
2.8323014,-3.0378256,-2.7537253,-0.42465952,0.082137905,27-4012.00
-0.017968277,-1.7481977,-1.115303,0.0062816404,2.7107239,27-4014.00
0.9631314,-0.037256192,0.7312244,1.6783706,4.9130707,27-4021.00
3.6099353,-1.4819022,1.2606409,-0.2904885,2.2838511,27-4031.00
-3.0527964,1.8063594,-1.9163378,0.47691637,4.2204537,27-4032.00
-4.2496595,-0.45910925,4.0079675,-2.632649,-0.16912684,29-1011.00
-3.2437696,-7.7934136,3.0911148,-1.8076469,-0.8575185,29-1021.00
-3.3795676,-6.096048,3.0600615,-3.621459,-0.3524027,29-1022.00
-4.705182,-3.723188,0.8580882,-2.5442538,-0.45003328,29-1023.00
-1.858892,-2.7373421,1.4859589,-2.7620773,2.2341201,29-1024.00
-10.022246,-0.5893877,1.5858597,-2.1253028,0.4211885,29-1031.00
-6.226574,-3.8554938,1.4314922,-2.341111,-1.7923491,29-1041.00
-6.7888365,-2.8836427,1.2452852,-2.7061665,-2.1798093,29-1051.00
-7.188257,-3.2954905,4.619932,-4.4728255,-1.468518,29-1071.00
0.26667956,-4.4128237,2.0505712,-4.9825234,-3.331785,29-1071.01
-6.4505105,-4.067357,1.647714,-2.9989088,-0.6417001,29-1081.00
-6.497063,-1.4908015,6.0824275,-4.255771,1.5277809,29-1122.00
-3.8584437,0.8282538,5.4491467,-2.8573542,0.14346007,29-1122.01
-4.0894537,-1.9662803,5.7428007,-3.23123,0.23024598,29-1123.00
1.0719824,-3.4808164,2.3639295,-2.5009415,-1.6942552,29-1124.00
-4.3192616,0.5590537,7.862184,-1.1953588,2.679026,29-1125.00
-0.6916238,-4.0325837,3.5112488,-3.9901435,-1.8348529,29-1126.00
-8.902182,-0.28766108,3.2161856,-5.2994003,-1.8164903,29-1127.00
-4.2692785,-1.1287394,3.4310782,-3.898361,-0.5941796,29-1128.00
-6.313498,1.9814022,5.344151,-4.3886614,4.165063,29-1129.01
-5.3521805,0.2977289,7.1302576,-4.0369306,2.8646796,29-1129.02
-4.0962715,-3.3873494,1.9535558,-2.8758864,-1.0778533,29-1131.00
-3.7336204,-3.595654,5.450011,-3.3127046,-2.2188826,29-1141.00
-6.2679296,-2.3165073,4.3512464,-3.986754,-1.1487168,29-1141.01
-10.559706,-1.6006418,5.9629016,-2.7903209,-0.6053866,29-1141.02
-4.057276,-6.1143556,5.641488,-4.268972,-2.227241,29-1141.03
-7.098179,-3.764449,5.6938457,-2.9632595,-0.5825481,29-1141.04
-4.8543158,-8.140228,3.6662729,-3.6444135,-1.7233089,29-1151.00
-6.4023986,-2.2729034,5.66624,-4.4923067,-1.0604223,29-1161.00
-7.037562,-4.4344583,5.2384386,-3.9261942,-1.2483904,29-1171.00
-6.302318,-3.730878,2.6167426,-2.213688,-1.36597,29-1181.00
-4.2610826,-6.748346,2.4560742,-4.935684,-3.6769075,29-1211.00
-6.3767343,-1.5171056,2.4277503,-2.8446822,-1.2369949,29-1213.00
-9.519419,-1.6208642,3.7052934,-5.119168,-2.8637967,29-1215.00
-8.774309,-4.10681,3.4659882,-3.3679807,-1.1393132,29-1216.00
-10.131517,-3.7036355,1.9082509,-4.547467,-1.7859232,29-1217.00
-7.2478447,-4.2895694,4.946282,-3.9925103,-1.9228505,29-1218.00
-9.592837,-1.4775803,4.1552835,-4.1743345,-2.4103856,29-1221.00
-6.977669,-4.1525207,-1.093768,-3.2195966,-2.3396895,29-1222.00
-11.039168,-0.55272824,5.2487564,-4.928016,-1.1860024,29-1223.00
-5.8154273,-5.7806044,1.1612943,-4.0875993,-3.5245755,29-1224.00
-9.28074,-2.7380292,2.4348598,-2.8315086,-1.6097398,29-1229.01
-8.085439,-2.8309193,4.5872765,-4.138153,-2.01601,29-1229.02
-6.1284857,-6.262477,5.2487497,-2.6949096,-1.7842721,29-1229.03
-7.113756,-3.8318777,4.705952,-3.378459,0.95841676,29-1229.04
-12.320085,-4.125774,2.5912213,-1.9051001,-0.33079663,29-1229.05
-5.5536895,-4.8694286,3.0082455,-4.0810623,-1.4874587,29-1229.06
-5.3459077,-6.6422205,3.6637547,-2.2409496,-2.1408281,29-1241.00
-2.4089956,2.7467816,3.3356864,-3.667163,0.4931667,29-1291.00
2.2868233,1.7829483,1.0811332,-4.3510413,-1.3575684,29-1292.00
-9.239275,-1.6400623,2.751057,-3.327408,-0.95486116,29-1299.01
-4.5172086,0.7356796,0.45741913,-5.719868,-1.405498,29-1299.02
0.27326107,-3.893839,-1.2265338,-3.8014624,-2.1668122,29-2011.00
-1.550911,-2.144215,-4.2469387,-3.93462,-2.7237654,29-2011.01
1.0073066,-0.10542279,-2.7714617,-4.6250706,-3.1001,29-2011.02
1.5173717,-3.0368378,-1.1321813,-3.5439758,-2.3623755,29-2012.00
0.060648724,-2.1534586,1.4501215,-4.338787,-3.2479267,29-2031.00
-0.08513243,-2.2850986,2.8270533,-3.6347349,-1.4369988,29-2032.00
-1.053187,-2.5750566,-0.34881014,-3.282791,-2.3726625,29-2033.00
2.0964983,-1.9972279,3.0014188,-2.640723,-2.8332307,29-2034.00
0.73742855,-2.1241586,1.0285224,-3.3173432,-2.3198225,29-2035.00
-1.0303078,0.22416624,2.536414,1.5422964,1.6611508,29-2051.00
-1.2580723,1.34013,0.066503234,-0.30300316,-3.6808736,29-2052.00
-2.6246638,1.913813,6.484103,-2.5184493,-0.7332768,29-2053.00
2.9764452,-2.3466806,1.2211604,-2.1822202,-1.6695689,29-2055.00
-0.075411454,-2.7840378,1.4184034,-3.1190565,-1.528257,29-2056.00
1.1992491,4.5996103,-0.8740401,-3.9079921,-2.5636225,29-2057.00
-2.5068014,-1.2862984,5.558353,-2.3968112,-2.4274178,29-2061.00
-2.1770115,-0.3385824,0.12607169,1.6457679,-0.22126703,29-2081.00
-3.539106,-4.0531154,0.59329623,-1.8383944,2.8130054,29-2091.00
-2.4635415,0.3549378,1.2243379,-0.28632656,-0.5469083,29-2092.00
-1.0674019,-1.6369883,1.0126445,-4.031782,-2.3836339,29-2099.01
-0.5226294,1.7448756,1.137052,-3.075927,-2.9937027,29-2099.05
-6.4477744,3.1567574,4.0447855,-0.63732505,-1.4224881,29-2099.08
-2.3047414,-1.4221176,5.5907297,-3.7172308,-0.50677437,29-9091.00
-8.929021,2.346734,1.2099212,-5.722689,-2.2253935,29-9092.00
2.125625,-4.0015697,3.7726777,-3.9885254,-2.3251097,29-9093.00
-4.2190065,0.14997292,5.309272,-3.949406,-1.2713569,29-9099.01
1.0455705,3.0993457,3.8012252,-1.1235383,-0.3438808,31-1121.00
1.7960154,4.0500464,5.3566093,-0.53103036,0.910679,31-1122.00
2.5110645,4.7867126,4.0792375,-1.603365,0.03228386,31-1131.00
7.1269155,7.6343184,3.2420895,-2.1707757,-0.75421405,31-1132.00
0.7107777,1.613883,6.3671064,-2.3291698,-1.3871595,31-1133.00
-1.5130447,1.6575993,5.597672,-2.6791267,0.22149011,31-2011.00
0.58044136,4.204622,4.6395574,-2.4215071,0.550367,31-2012.00
-0.70077425,0.39717886,4.2866993,-3.997583,-1.0233941,31-2021.00
2.3883293,5.161808,2.6362548,-2.3696735,-0.5851723,31-2022.00
2.3053477,7.233003,3.206848,-3.3977237,1.448824,31-9011.00
1.3854254,2.32382,0.9554277,-0.9066471,-1.3302836,31-9091.00
-2.8363152,0.5264856,3.0735178,-1.5618918,-2.7252407,31-9092.00
6.2727604,-1.0237707,0.22682607,-1.0837231,-2.084596,31-9093.00
-0.6119014,8.06835,-3.8562586,-4.070026,-5.228032,31-9094.00
1.9606858,6.21206,-1.1715964,0.6844828,-2.686808,31-9095.00
2.8394203,2.9025269,0.45926726,-1.9918209,-0.4897132,31-9096.00
1.0282547,1.672498,1.7232934,-1.8136942,-0.8030878,31-9097.00
-4.4639153,4.4104323,1.1215875,-3.9724452,-2.2409174,31-9099.01
3.2862551,-0.44125858,1.4200944,-2.4231248,-1.3844695,31-9099.02
-2.1657083,-2.0054197,9.064373,2.9280853,-1.6580205,33-1011.00
-4.5674634,-5.18768,8.35022,3.7255828,-1.4735682,33-1012.00
0.3196148,-7.012982,7.5270324,3.2438476,-0.07751763,33-1021.00
5.2775097,-8.153644,8.271802,1.2248026,-0.18812065,33-2011.00
-0.51873714,-3.8110015,3.399849,1.3817914,-0.7445462,33-2021.00
0.21829157,-3.7117693,3.851233,2.4295704,0.004855369,33-2022.00
2.7136018,5.842316,4.691092,0.53908813,-3.0355308,33-3011.00
1.4208051,-2.3542118,8.222879,0.77261597,-2.133164,33-3012.00
-3.016881,-4.7373023,7.484853,1.230924,-2.9572701,33-3021.00
0.055380248,-1.3671838,1.6733353,-1.3993304,-3.3666356,33-3021.02
-8.467263,0.83683866,-0.56924355,0.15430242,-1.8768599,33-3021.06
-0.06708513,-4.3373175,6.631078,0.7247565,-1.0398467,33-3031.00
4.761685,2.2450953,3.6556392,0.6243246,-0.82710564,33-3041.00
-0.20295817,-4.8520975,10.170119,2.0116186,-2.7020535,33-3051.00
-1.8255932,-1.453545,5.7802577,0.43826392,-2.868588,33-3051.04
0.9190306,-3.9855282,8.841005,2.3513517,-1.8680719,33-3052.00
1.8609582,2.4073114,4.8478894,1.0546709,-1.4910048,33-9011.00
-4.0181274,0.74527043,1.6952268,1.371454,-3.06369,33-9021.00
-1.0125362,0.6213192,0.7811788,0.71192485,-4.280783,33-9031.00
2.5692763,1.1629406,6.7087197,2.2363608,-0.55692667,33-9032.00
6.970325,8.835303,1.8922896,-0.6883657,-2.0206213,33-9091.00
4.3137956,3.7754056,5.7156234,-1.7760116,-1.7873392,33-9092.00
4.280699,0.4832601,3.2386794,-1.1381743,-3.254738,33-9093.00
-0.979583,-0.34907734,3.4204876,2.3834906,-2.4994829,33-9099.02
-2.1988747,-4.3903327,4.2893815,4.8863254,3.1249378,35-1011.00
-1.5030555,-0.47416425,2.5574858,4.845357,0.15558754,35-1012.00
5.537172,9.903407,-0.94870466,1.4739587,-0.54272133,35-2011.00
3.4252791,2.042584,0.34003404,0.95767754,0.92921686,35-2012.00
3.312926,3.6007211,-0.35863888,1.3501005,2.7948177,35-2013.00
5.092306,3.0997999,0.06775387,0.82256997,1.073991,35-2014.00
4.3022404,4.968301,0.7394166,0.87190396,0.20858268,35-2015.00
5.5305142,7.307925,1.1503525,0.797206,1.3931565,35-2021.00
1.3689154,3.5238574,2.5579665,1.3512162,0.5326257,35-3011.00
4.2736206,7.981221,0.64910597,3.1042962,0.6497759,35-3023.00
4.8342934,4.466456,1.5138292,0.12978019,-0.14202376,35-3023.01
2.4991763,7.315533,2.9391837,0.8823765,-0.030642841,35-3031.00
4.92147,7.2808385,0.4197486,0.37269026,0.6809393,35-3041.00
7.529206,9.243757,0.99054235,0.8985775,1.1147068,35-9011.00
10.402253,6.657194,0.797035,1.5159879,0.4691426,35-9021.00
1.307455,9.101681,0.9871011,1.4952345,-0.026207468,35-9031.00
1.5354164,2.6525173,2.0339978,3.006848,0.6176499,37-1011.00
1.2638321,-4.5254893,3.968292,4.2687364,1.0439932,37-1012.00
8.457854,7.5579886,-0.26720503,-0.6229505,-0.23413427,37-2011.00
7.054755,8.7742405,0.75015235,-0.03649627,0.9189448,37-2012.00
3.45045,-3.5371633,2.9220521,1.2748548,-0.92007804,37-2021.00
11.434554,4.5478044,0.31183496,-0.43966854,1.4336181,37-3011.00
6.393153,0.07183247,0.81675625,1.1758766,-0.15099636,37-3012.00
11.079366,-1.5372576,3.66798,-0.28823465,0.2403648,37-3013.00
-1.6641577,-0.87591296,3.5520349,3.92296,-1.855028,39-1013.00
-3.8781211,1.7764714,3.6369157,2.7372782,-0.2893405,39-1022.00
3.1857705,0.8876087,4.3589187,-0.231054,0.9251304,39-2011.00
4.9041424,6.665087,0.40790898,-1.5104749,0.5313341,39-2021.00
2.7907562,6.7445555,-0.27318528,0.83709466,-2.64871,39-3011.00
1.5007868,6.2342715,-1.723328,1.5491762,-3.0147853,39-3012.00
7.477347,2.874157,-1.1682818,-0.5834741,-0.83163947,39-3021.00
3.6949134,8.483819,0.7617011,0.9153077,-0.4417849,39-3031.00
4.4612985,8.122037,0.89504015,-0.033905152,-0.7709096,39-3091.00
2.987472,5.782119,0.073844135,-0.24750341,5.10433,39-3092.00
4.095639,13.730005,-0.56770194,-0.6231348,-0.42858806,39-3093.00
2.6723204,1.2543559,3.3170433,-0.9851336,0.051523335,39-4011.00
4.3551073,8.6765375,1.3801836,0.82489485,0.6514625,39-4021.00
-2.0432353,0.34040555,5.466104,4.3141336,0.5564283,39-4031.00
4.8772674,6.9290257,-0.86050826,0.40056324,1.4200757,39-5011.00
0.9446781,3.097809,-0.34653744,-0.62636876,1.5650034,39-5012.00
0.942598,2.6845415,0.18396854,-0.9275926,5.2721996,39-5091.00
4.0471196,9.140165,-2.2034822,-1.1521647,1.9991105,39-5092.00
5.0978975,10.724598,-0.5062249,-1.8619165,0.82771295,39-5093.00
1.6338922,6.6526628,0.15880784,-2.42513,0.30711457,39-5094.00
5.715768,4.413094,3.9771423,2.2967308,-0.72897387,39-6011.00
-3.8797204,7.454364,3.0002508,2.5103426,0.49241388,39-6012.00
-0.26086083,9.304397,2.3767364,-0.7372796,2.813824,39-7011.00
-2.2273626,1.9506136,2.886737,3.6315565,-0.6028262,39-7012.00
0.1431106,5.029223,2.658237,-1.5218599,0.8316604,39-9011.00
-0.52454174,1.7060649,7.5270257,-1.4491295,1.6290274,39-9011.01
3.5469642,4.848573,5.903435,-2.3887036,3.7389412,39-9031.00
-3.1995413,2.2104912,5.19062,0.87556124,1.9430519,39-9032.00
-3.8668275,2.6167107,5.881165,2.681766,0.71848357,39-9041.00
-3.355606,2.708187,2.1867366,4.612796,0.08459917,41-1011.00
-7.8862357,1.5398967,-0.2975324,5.6096888,-0.5639712,41-1012.00
2.6782634,7.1116214,-0.8339291,1.5542452,-2.1256044,41-2011.00
3.6855237,5.0360813,-1.4486254,0.69378823,-3.811566,41-2012.00
1.4682715,4.663489,0.46235967,3.0156958,-1.8497475,41-2021.00
0.1731073,0.51279664,1.0030369,4.294602,-1.5670131,41-2022.00
-1.2997795,5.7335176,0.83279574,2.8072927,0.9430636,41-2031.00
-5.3369107,4.258797,-0.60727936,4.2562556,0.5778321,41-3011.00
-5.8611574,5.833087,-1.4929358,3.4198196,-2.0033634,41-3021.00
-6.9206734,3.495105,-1.8636135,4.1079407,-1.194872,41-3031.00
-5.3128734,5.7300572,-0.6671364,3.039515,-1.4941586,41-3041.00
-6.3505406,2.8918412,-1.2754616,3.5236094,0.24746759,41-4011.00
-3.5728137,2.169627,-1.3236167,3.6481783,1.9203793,41-4011.07
-2.5430207,6.4387197,-0.48199248,3.8763897,0.62960017,41-4012.00
0.3347942,4.954856,1.2010207,0.5757715,0.52302897,41-9011.00
7.8964667,15.384329,-2.2322664,-2.0633554,4.5238256,41-9012.00
-5.630556,5.956669,-0.45861393,5.018263,0.08884597,41-9021.00
-4.5796323,2.276095,2.1991785,6.1347675,0.54870474,41-9022.00
-8.393014,-1.6894908,-3.2127128,2.9998283,1.3294731,41-9031.00
-1.1556882,12.927954,-1.1288248,2.035457,-0.11252118,41-9041.00
-2.4655344,10.617875,-0.99876404,2.8547895,0.6606503,41-9091.00
-7.609053,0.4412482,1.0215102,4.4326015,-1.4928769,43-1011.00
-0.21382971,8.578466,-0.5454726,0.26178575,-4.3993835,43-2011.00
-0.77130914,10.229139,-1.3520461,0.6698959,-2.8762145,43-2021.00
-2.6625946,8.262648,-2.7769375,2.169472,-3.2790587,43-3011.00
-1.5827004,6.207719,-3.8689518,1.844466,-3.7455835,43-3021.00
-1.6733383,6.805892,-5.192656,1.4853961,-4.5257387,43-3031.00
0.16448335,6.4651566,-1.9901731,1.5978793,-3.555291,43-3041.00
-2.3426552,7.4836807,-4.764302,1.4792501,-4.36323,43-3051.00
-5.1338677,4.1824865,-1.9965165,3.4852772,-1.9659213,43-3061.00
-0.5784385,4.3007956,-1.4569309,1.7441403,-4.2282777,43-3071.00
-4.2621326,5.1525054,-3.0843217,1.916349,-3.7938795,43-4011.00
-3.8989575,6.7512383,-3.3328137,1.9468127,-3.36296,43-4021.00
-2.7897856,5.9367967,-1.452902,1.6968694,-3.5672503,43-4031.00
-4.414631,8.081559,-2.4143817,2.6393337,-3.8680406,43-4041.00
-3.9943407,6.2490935,-0.81876653,2.2019799,-2.4321344,43-4051.00
-5.707622,7.199331,0.36738274,1.5563663,-3.0526705,43-4061.00
-0.30291042,4.5830927,-1.802651,0.3755013,-1.6377245,43-4071.00
-1.964289,6.090088,0.07312413,2.6640267,-0.6767247,43-4081.00
-4.2467356,7.3106184,-0.4713612,0.86486626,-2.5917547,43-4111.00
0.8784494,6.831334,0.32168454,-0.5509001,-1.4448527,43-4121.00
-5.9201293,3.6213334,-3.0830588,1.9299275,-4.014104,43-4131.00
-3.5263753,7.407861,-1.889437,2.311633,-3.7468765,43-4141.00
-2.8436198,3.661192,-2.1385174,3.922258,-3.1493843,43-4151.00
-4.430892,7.211461,-1.5557488,1.8097454,-3.280058,43-4161.00
-1.6153507,8.332055,-0.88667995,0.94520146,-3.3438287,43-4171.00
-2.530782,4.0118203,2.7949965,1.0561506,-1.6096078,43-4181.00
0.18325081,3.6773076,0.41304478,5.1670136,-1.423876,43-5011.00
-4.9604597,3.1396244,-1.7330065,5.338166,-2.0235794,43-5011.01
7.4855456,3.7496176,1.7681053,0.82535255,-3.0016143,43-5021.00
-4.4315596,-0.13907251,5.2183337,1.3356713,-3.3118324,43-5031.00
-4.1495295,2.9549842,0.62319607,2.479858,-2.7018774,43-5032.00
7.513539,1.5540146,-0.20184593,1.197246,-1.948622,43-5041.00
2.3422642,4.123458,-0.32849258,1.8609297,-2.4511917,43-5051.00
7.944732,6.9521437,1.2001337,1.6982241,-1.9720478,43-5052.00
7.4822,6.207634,-1.5984824,-2.0426908,-2.51964,43-5053.00
-0.5577784,2.6625807,-3.619733,2.7920725,-2.3791986,43-5061.00
4.9785953,2.8919716,-0.45321995,2.4099376,-1.1920686,43-5071.00
3.4822104,0.9410621,-1.7703277,0.8449634,-2.5406141,43-5111.00
-5.2592564,4.0558305,-1.0131406,1.4589664,-3.453118,43-6011.00
-2.3375013,8.27613,-2.457243,-0.32196847,-3.5792751,43-6012.00
-2.9092376,8.335034,-0.905018,0.9882593,-2.6310353,43-6013.00
-3.8064349,6.944986,-1.0616599,1.8114794,-3.166264,43-6014.00
0.7200848,4.929292,-1.891903,0.7820761,-3.8601894,43-9021.00
1.2466074,8.021881,-4.6894894,-0.6543498,-3.9227452,43-9022.00
-0.86441374,0.38772777,-3.9091198,-2.0540233,1.5230297,43-9031.00
-1.8650513,6.3444295,-2.4945195,0.6900297,-3.957922,43-9041.00
6.5041685,5.3814497,-1.3747046,-0.11861036,-2.6237674,43-9051.00
-1.5739222,6.8372016,-2.0592618,1.2333566,-2.953953,43-9061.00
5.437798,2.656893,-3.3663838,0.09017312,-1.2084619,43-9071.00
0.2213389,10.500161,-5.201606,-3.3193011,-1.7607358,43-9081.00
-5.964807,1.2922325,-5.297756,0.34692982,-2.847373,43-9111.00
2.329072,-4.9143972,3.645191,3.7574086,0.8944623,45-1011.00
0.45024776,-2.6228573,1.0463612,0.78348297,-2.4997094,45-2011.00
5.8638926,3.3014753,-0.9928649,0.5105933,0.6840165,45-2021.00
9.085613,11.226356,-2.986935,-1.8976111,0.586486,45-2041.00
11.482527,0.48487204,1.0381184,-0.58128947,-0.13922593,45-2091.00
11.160793,0.735714,2.4284317,-0.4730019,2.2477508,45-2092.00
7.663236,-1.2497256,2.0217369,0.67527276,0.960896,45-2093.00
10.902344,0.44219583,1.5386615,0.26163736,0.40502775,45-3031.00
6.9772897,0.35824123,2.7224398,-0.035330027,-0.31391633,45-4011.00
14.0572195,-0.299925,1.436443,-0.55327994,-0.45432103,45-4021.00
12.4067335,-1.1774899,-0.37678993,-0.016771585,-1.4654412,45-4022.00
5.2927313,-0.09080274,-1.2670496,1.2084606,-1.6455255,45-4023.00
1.626599,-3.6250894,1.5398629,4.022819,0.52661324,47-1011.00
0.80188066,-5.6707525,1.1633887,4.546311,1.9450904,47-1011.03
8.9777775,-4.622042,-0.252877,-0.11206454,1.5432642,47-2011.00
10.033523,-1.4278774,0.31209064,0.8546787,2.0155027,47-2021.00
7.63224,-1.9559882,1.8009424,-0.34388235,2.3861938,47-2022.00
6.8409142,-5.031211,1.5330116,1.9409071,2.740385,47-2031.00
8.692251,0.38226628,0.7139339,1.4171652,1.6517559,47-2041.00
7.6467657,4.886527,-1.4248022,-0.065702096,2.1278496,47-2042.00
10.823313,3.1194053,0.25764653,0.7686843,1.8624983,47-2043.00
8.203195,1.064707,-1.0532786,0.49367505,2.557128,47-2044.00
10.368199,-0.04337656,1.6491562,-0.28827026,1.2719162,47-2051.00
11.693388,1.225783,0.07803039,0.5535044,2.7969625,47-2053.00
11.560578,2.1619923,1.1893086,-1.2176996,1.4758222,47-2061.00
11.686587,0.5602444,1.0689255,-0.3560216,0.93062687,47-2071.00
12.619453,-1.1985381,0.90529764,1.608972,-0.0144310035,47-2072.00
10.791224,-1.633358,0.39605707,0.17094657,-0.48977107,47-2073.00
10.254236,1.1337527,0.14994815,0.6372966,2.352163,47-2081.00
10.2136545,6.798251,-0.51976407,-0.98271406,1.3861191,47-2082.00
6.14581,-6.945651,0.5366647,1.002379,0.8471875,47-2111.00
9.213922,1.4175671,-0.68551326,0.6304834,2.3209832,47-2121.00
10.562639,1.785465,0.47788957,0.93797624,1.2807972,47-2131.00
8.034574,1.0129584,1.4115485,2.8475895,2.6497617,47-2132.00
7.96663,3.2877562,2.0133007,2.1820788,3.035112,47-2141.00
8.909762,4.813304,-0.057816517,0.7688839,2.2270236,47-2142.00
9.786041,-0.47691494,0.5795647,0.34261677,1.7026434,47-2151.00
8.540758,-4.3386145,0.26989225,0.8528021,2.014902,47-2152.00
6.084596,-5.0363326,0.72270775,2.5550864,2.3516898,47-2152.04
9.551298,1.0126797,1.2973808,0.72843486,3.1726046,47-2161.00
11.68669,0.8451169,0.8224731,0.25027385,2.2717202,47-2171.00
10.002599,-0.2900617,3.1814637,1.2612123,1.7849522,47-2181.00
8.974082,-3.0127244,-1.4577937,0.47816798,1.6406581,47-2211.00
11.471423,-4.9974217,3.3583384,0.26383144,0.9623746,47-2221.00
7.8042154,-2.6553311,-0.94703525,0.78253984,1.9789361,47-2231.00
12.357071,0.78407526,0.19782175,-0.6872998,1.8924106,47-3011.00
9.272444,-0.265452,1.0314947,2.136771,2.4396203,47-3012.00
8.767975,-1.0236111,0.83483344,1.4843429,2.4859757,47-3013.00
11.842107,5.566766,1.2628428,-0.9938441,1.1996619,47-3014.00
10.154602,3.3999808,-0.73218006,1.5806482,2.2486174,47-3015.00
10.720384,0.48569772,2.9706523,1.540566,1.7166029,47-3016.00
-0.83987147,-3.1843705,-0.6187469,1.8725812,-0.429122,47-4011.00
-0.8614457,-4.5766883,-1.5043544,1.7956165,0.18778625,47-4011.01
7.4676523,-4.8465962,-0.21672045,0.25208357,1.3105274,47-4021.00
10.24991,1.6280196,1.8838332,2.5588033,3.7067559,47-4031.00
5.1998997,-3.9707847,2.7866912,0.8323908,0.008978114,47-4041.00
9.927325,-1.280067,2.9886649,1.2581267,-0.14354932,47-4051.00
11.196317,-3.921286,2.4832933,1.4302303,0.39648694,47-4061.00
10.173668,-2.956288,1.9206486,1.8611317,-0.16629797,47-4071.00
7.394222,-0.07417971,1.4979147,0.50898504,0.8974927,47-4091.00
5.7171855,-4.2396946,0.9417499,2.4710195,1.7039615,47-4099.03
10.027486,-5.379289,3.783836,-0.009844723,-1.2636303,47-5011.00
6.566424,-4.061622,1.6468637,-0.2830792,-1.3876942,47-5012.00
7.766894,-6.6101384,2.296155,1.8255409,-0.67911804,47-5013.00
11.877239,-3.8783553,2.1925118,0.6856775,-1.0692178,47-5022.00
9.480952,-3.6767068,0.47640482,0.34150708,-0.2814005,47-5023.00
5.1652703,-6.3385854,1.8766826,1.3689631,-0.785184,47-5032.00
11.624817,-3.6356776,1.9622955,0.18490078,-0.6888183,47-5041.00
12.266488,-3.3422081,3.262942,0.92662835,-0.32101896,47-5043.00
11.443451,0.5364173,1.2085887,-0.24897644,-0.8564805,47-5044.00
10.893151,2.9503448,1.6787925,-0.5899307,1.1873046,47-5051.00
12.067823,0.12393778,0.45778677,-0.4430326,-0.32724196,47-5071.00
11.47758,-3.955698,2.4569702,0.79858583,-0.58986616,47-5081.00
0.49236608,-6.618754,1.2467262,4.0213475,-0.99989015,49-1011.00
4.9969087,-1.737372,-2.226101,-0.71543,-0.6049379,49-2011.00
5.790606,-3.8118281,-0.112639084,1.5012499,0.42734343,49-2021.00
5.42273,-6.8307753,1.3548161,1.0357916,-0.71315,49-2022.00
3.305044,-4.7039595,-2.2319243,-0.8779779,0.42324582,49-2091.00
8.382437,-5.662754,-1.4068323,-0.5828729,-0.104407065,49-2092.00
6.074196,-2.8516588,-1.3064104,0.9839396,1.3863223,49-2093.00
4.56412,-6.236272,-2.6891866,-0.44657674,0.50280213,49-2094.00
5.205328,-5.285856,-1.7051367,0.04841604,-0.18472908,49-2095.00
6.8899508,-4.4673796,-1.2081267,0.10897708,0.52701443,49-2096.00
6.2055993,-3.059241,-1.7551553,0.72305954,1.4107875,49-2097.00
6.306167,-2.0301704,-1.2382103,0.47174478,-0.06693136,49-2098.00
6.1191974,-7.509834,-0.48414496,-0.8024046,-0.7903466,49-3011.00
9.679886,-1.0847503,-0.4444589,-0.025490133,1.5181593,49-3021.00
8.821472,2.6216502,-0.4660654,1.2265171,0.75627065,49-3022.00
8.400595,-5.20898,0.0012667985,-0.69407296,-0.6537409,49-3023.00
9.544295,-5.038489,0.6798112,-0.16588949,1.0123677,49-3031.00
9.109829,-5.7603097,0.6219446,0.1104195,0.3700398,49-3041.00
10.01674,-6.691292,-0.38590777,-0.41168493,-0.30343807,49-3042.00
11.056374,-4.0972824,0.06505877,0.54761034,0.9492373,49-3043.00
8.9679165,-3.1036704,-1.1400714,0.21954262,-0.030013196,49-3051.00
7.336032,-2.695128,-0.4836843,-1.6851358,0.41060212,49-3052.00
8.709599,-2.147014,-0.35739848,0.08968461,1.4117339,49-3053.00
5.49549,-2.0824566,-0.40344295,1.6079594,2.5823996,49-3091.00
7.487936,-2.1441374,-0.17000207,-0.38777664,0.15113315,49-3092.00
10.029688,1.936514,0.960013,1.7973639,0.72523034,49-3093.00
8.510529,-2.232692,0.30516115,0.6441314,1.4359988,49-9011.00
7.187964,-2.7534833,-1.1669447,0.20907319,0.3888434,49-9012.00
6.7377744,-5.9646444,0.56403786,0.89085424,1.3598177,49-9021.00
6.5154886,-2.7358465,-0.4489887,1.3465896,0.12512462,49-9031.00
10.018348,-5.864779,-0.7910454,-1.5576962,0.49465716,49-9041.00
9.531827,-2.376878,-1.1887,-0.2931176,0.78423005,49-9043.00
8.465781,-7.810401,1.6975291,0.59694546,1.8139939,49-9044.00
10.849682,0.932552,-1.0165699,-1.4289918,0.18911885,49-9045.00
8.569275,-4.7992234,1.9112431,0.27682066,0.767727,49-9051.00
7.5687737,-1.2543422,0.938942,1.659674,0.58662677,49-9052.00
4.258208,0.20612109,-5.3277564,-1.0369574,1.2573105,49-9061.00
6.399315,-3.898427,-2.7855175,-0.8635599,-0.32694325,49-9062.00
5.4335837,-2.7479365,-0.7265475,-1.2892153,2.2597864,49-9063.00
5.890661,2.0173204,-4.8246403,-0.11105013,1.1836728,49-9064.00
8.6396885,-4.094547,-0.7333806,-0.3902448,0.47070596,49-9071.00
7.102839,-6.1957326,1.2830142,0.29680732,0.60463065,49-9081.00
8.134822,1.2485487,-1.8853751,0.21666694,-0.7525588,49-9091.00
7.220814,-7.258809,3.2761528,-0.3334045,0.20528911,49-9092.00
6.7273726,-1.7211887,-0.10395552,2.369569,0.339765,49-9094.00
7.986295,-9.585824,5.783472,2.244578,2.7556677,49-9095.00
9.470707,-1.5611954,1.6202095,1.3984966,1.5688416,49-9096.00
10.253282,-5.103434,-0.5498708,-0.33983693,-1.4189953,49-9097.00
10.692499,-0.61281383,0.101768576,0.3227346,1.2159499,49-9098.00
6.383199,-6.748973,-0.40560606,0.3643577,-0.38829145,49-9099.01
-0.81215006,-3.8423915,1.6950675,3.8890746,0.2778775,51-1011.00
7.363665,-3.199297,-0.58225876,0.22085407,1.7471751,51-2011.00
7.4832377,3.652295,-1.336941,-0.43117237,0.8095169,51-2021.00
7.494629,2.1042495,-4.438966,-3.4241633,-0.092115946,51-2022.00
8.023733,1.6610476,-4.7010098,-2.8601038,-0.11754945,51-2023.00
9.597892,-0.5774432,-1.6512301,-0.047917146,0.33496302,51-2031.00
9.570177,3.9431505,-2.0239224,-0.7628432,1.1749756,51-2041.00
8.091143,-1.4146645,0.92248625,0.27625248,1.7753147,51-2051.00
8.5753,2.2555606,-5.233216,-2.2420232,-0.5223734,51-2061.00
6.19844,0.84017617,-0.37079373,1.2088457,1.2239178,51-2092.00
5.1854377,3.0114856,-1.426575,0.060802527,1.7228175,51-3011.00
7.1880364,2.3936958,0.21568118,0.9443429,0.15368867,51-3021.00
7.4653583,2.6796374,1.9607857,1.8921381,1.6553707,51-3022.00
10.801154,8.744316,-1.5533874,-0.8404843,0.84475774,51-3023.00
8.037955,1.5575699,-0.7281857,-1.871513,-1.1362904,51-3091.00
6.0112214,1.5187045,-0.6959006,0.45753473,-0.32625014,51-3092.00
7.582767,3.480589,-1.4770064,-0.6358219,-0.57155836,51-3093.00
10.30177,-0.89867806,-1.1055126,-0.8977737,-0.24362278,51-4021.00
8.174155,0.0070866733,-1.3049684,0.117418446,0.58781004,51-4022.00
9.271956,-3.988699,0.095292024,-0.9985774,-1.1186492,51-4023.00
10.639523,0.4196636,-2.6079693,-2.0076575,-0.60532427,51-4031.00
8.799778,-1.7751667,-2.785213,-0.3720699,0.4385824,51-4032.00
9.968622,-1.4380931,-2.4158092,-1.8249665,-1.0310417,51-4033.00
9.753106,0.95362544,-1.9455314,-1.723786,0.040747546,51-4034.00
8.60312,-0.05727994,-2.2270396,-0.4758033,0.4854667,51-4035.00
8.703379,-1.4957018,-2.8858213,-1.5545825,0.36036244,51-4041.00
9.876384,-3.1406422,0.97036785,0.29715386,-0.7548725,51-4051.00
9.872558,0.4328758,0.46691096,-0.5606863,0.5511609,51-4052.00
8.624489,-1.8501583,-4.259916,-2.420991,1.094886,51-4061.00
8.100483,0.2718577,-4.0019083,-1.1638231,0.58427906,51-4062.00
10.439169,2.2383547,0.7451496,0.015457619,3.076948,51-4071.00
9.944531,-0.228268,-1.3836043,-2.3328245,-0.8386705,51-4072.00
8.118976,-2.689971,-1.7334558,-0.7429371,0.11995789,51-4081.00
7.972021,-1.6476421,-4.888267,-1.7690033,1.2556622,51-4111.00
10.632539,2.161294,-2.270461,-0.8714241,0.8507092,51-4121.00
9.072613,1.4048357,-1.2332416,-1.48212,0.16870399,51-4122.00
10.118369,-2.1962614,-0.53922784,-1.5034127,-0.9972155,51-4191.00
7.46977,-1.4691614,-3.1070857,-0.018060949,1.5296192,51-4192.00
7.237209,0.28815988,-0.31871328,0.50465953,0.97281003,51-4193.00
9.168668,-2.2238536,-2.8608592,-1.2699646,-0.27244914,51-4194.00
2.3450594,2.8214087,-5.4378057,-0.93269974,0.91483617,51-5111.00
8.081337,0.21807191,-3.0944757,-1.9075388,-1.1084517,51-5112.00
7.7299066,0.10497721,-0.5509376,-0.38725585,0.0045370487,51-5113.00
7.3210807,6.4700627,-0.6778587,-0.6420404,0.49611968,51-6011.00
12.798427,8.793625,-2.5594623,-1.1256971,2.1054978,51-6021.00
10.060522,5.249236,-3.4751315,-2.7461581,-0.4650172,51-6031.00
8.308054,5.178814,-2.1327558,-1.2724572,1.2963687,51-6041.00
9.310737,3.196739,-2.6840072,-1.489724,1.3240001,51-6042.00
6.3002863,4.43422,-4.0809894,-0.58008105,2.9297628,51-6051.00
5.4218907,4.4043097,-2.6581988,-0.25647444,3.049504,51-6052.00
9.880067,0.87549853,-2.3578863,-1.6592195,-1.0803789,51-6061.00
10.671745,0.5772345,-1.97545,-1.3126549,-0.12157437,51-6062.00
10.154288,3.7433143,-2.7554865,-2.7064137,-0.36344326,51-6063.00
10.696496,1.3664773,-0.10948336,-0.20625557,0.28713372,51-6064.00
8.600588,-1.0068091,0.55932266,-0.20825724,-0.31759468,51-6091.00
1.0645837,-2.0584059,-3.8843048,-1.5207092,2.8407216,51-6092.00
8.815736,-1.1166519,-0.64857244,-1.3128797,2.2535322,51-6093.00
10.322818,-3.1404238,-2.0331068,-1.0392675,2.1468804,51-7011.00
8.596324,-0.31756896,0.006525218,-1.5259893,2.0918617,51-7021.00
6.034891,-1.435397,-2.2303095,-1.0991529,1.7507622,51-7031.00
8.156915,-1.9843358,-3.298977,0.9266702,2.1584597,51-7032.00
12.16303,2.4203925,-2.4791336,-2.1964421,-0.29622847,51-7041.00
11.876226,-0.17043701,-2.4209216,-2.33584,-0.48522756,51-7042.00
-0.86351,-5.779494,-2.8740993,-1.7109084,-3.24297,51-8011.00
0.35542586,-2.7397518,-1.7036277,0.5315755,-1.8373688,51-8012.00
6.0387225,-3.0007315,-1.0962473,-1.3418382,-2.4303179,51-8013.00
6.7872233,-4.583164,-0.7837749,-0.4102292,-0.7569215,51-8013.03
5.7900295,-6.9720154,0.17690043,-0.20473747,-0.16915877,51-8013.04
6.8595347,-3.7812824,-1.138603,-0.68580043,-0.8029221,51-8021.00
5.201548,-4.167679,-1.0916493,0.022514405,-1.1319226,51-8031.00
5.764335,-4.840727,-0.56064093,-1.7501591,-3.1072135,51-8091.00
5.8643947,-5.088831,-0.13369378,1.3947626,-1.7404051,51-8092.00
6.864076,-5.0379615,-0.32902828,0.12485232,-2.745861,51-8093.00
6.6902094,-5.4307256,1.1684315,0.46513954,-1.5584325,51-8099.01
5.7237597,-5.4426737,-0.013408269,0.34051055,-1.6269977,51-9011.00
8.703353,-3.2249427,-0.5230601,-0.808662,-1.0265111,51-9012.00
9.581026,-3.8573017,1.0897198,-0.29290187,-0.99216557,51-9021.00
10.432052,-0.09751248,-1.5432593,-0.73113406,0.59608597,51-9022.00
9.375477,-0.11581016,-0.7982594,-1.7538387,-1.1316006,51-9023.00
8.584239,6.817463,-2.7208815,-2.8148823,0.08746557,51-9031.00
10.080659,-1.7081635,-1.8405453,-1.4359802,-0.7614833,51-9032.00
9.894313,-1.923235,0.10990509,-1.1411366,0.19202802,51-9041.00
7.8244185,3.0244768,-0.628334,-1.2814137,-0.8617992,51-9051.00
5.659541,0.39138156,-2.3125644,-0.3763385,-0.90062684,51-9061.00
4.5019355,1.4059832,-4.912935,-0.28916332,3.1682518,51-9071.00
4.1184287,2.5822093,-5.2090425,-0.1448191,0.4801276,51-9071.06
4.243115,-0.7647949,-2.7111824,-1.7081417,1.1021502,51-9081.00
2.440152,-4.6684504,0.02441474,-1.5590662,1.7123789,51-9082.00
6.661125,0.7734582,-2.9804208,-1.5309933,0.15236172,51-9083.00
8.743684,0.9602202,1.0930485,0.72526246,-0.6110059,51-9111.00
7.3416963,7.3861227,-2.8699372,-2.3734906,1.9395468,51-9123.00
11.852599,0.7586843,-1.5332053,-2.8353937,-0.32989314,51-9124.00
6.561767,0.572372,-1.8310251,-1.9240367,-0.4140927,51-9141.00
4.336772,-0.24966736,-2.7018483,-1.4807373,-0.0075029996,51-9151.00
7.7556596,-5.4952993,-1.9163722,-0.54569143,-0.4227622,51-9161.00
2.5659173,-5.1494875,-4.6800146,-0.7835027,0.19513696,51-9162.00
10.03321,-1.4845388,0.41357327,-0.6888377,-1.0250437,51-9191.00
9.991607,4.167308,-1.0216953,-1.9907662,-0.96579885,51-9192.00
7.524343,-2.5968375,-0.7237464,-0.40788615,0.33972275,51-9193.00
7.162291,1.602654,-3.2375767,-1.1378971,2.1033227,51-9194.00
9.694048,0.67913216,-0.8372238,-0.4923192,0.31070122,51-9195.00
7.9584613,1.3509948,-1.166265,-0.31163713,3.5781574,51-9195.03
9.277107,-2.4413326,-2.3312774,-0.37315035,1.2977308,51-9195.04
8.448366,1.5775971,-1.5098479,-0.24375099,4.1198187,51-9195.05
8.744181,1.0996535,-1.5846031,-0.21560007,-0.19360867,51-9196.00
11.869431,2.8907323,-0.80280834,-0.5645849,0.3939973,51-9197.00
11.051292,3.841214,-0.9837567,-1.2035617,-0.13571033,51-9198.00
1.9016728,-5.1813955,5.397027,4.393323,-1.2920039,53-1041.00
-0.24901403,-0.31532934,3.160253,4.6892767,-0.5433379,53-1042.00
-2.206809,0.5196426,0.99229443,4.649808,-0.97448254,53-1042.01
-2.537122,-3.4298983,3.8455164,5.013546,-0.19638577,53-1043.00
3.3622983,-13.074321,5.351345,1.856495,-5.6884995,53-2011.00
2.9981983,-8.752849,4.5154896,2.53695,-4.342507,53-2012.00
-5.332127,-8.386847,1.9461592,0.99725604,-5.286604,53-2021.00
-1.3447173,-4.0662527,3.526065,3.3471615,-2.2921386,53-2022.00
-0.08886751,1.0743215,6.871941,1.1148367,-0.7971298,53-2031.00
4.886485,-0.3117076,5.457846,0.53035605,-1.5869746,53-3011.00
5.66098,3.0413518,1.3211312,3.4520266,-1.8572592,53-3031.00
11.545035,-2.2267146,3.5680404,2.4504848,-2.184724,53-3032.00
9.242201,1.7211597,2.1286037,1.2783235,-1.3179202,53-3033.00
8.660736,-0.3524396,4.764747,3.204287,-3.0494702,53-3052.00
7.668749,-5.973558,3.9903054,0.6940407,-4.9522586,53-4011.00
8.512503,-4.5570927,3.6305065,1.7464108,-2.4769282,53-4013.00
9.553422,-1.8273168,2.654406,0.26525733,-3.0187511,53-4022.00
2.8499599,-3.5013626,3.9848309,1.7911499,-2.0401046,53-4031.00
8.397086,-3.5005867,4.447939,1.4525566,-4.12071,53-4041.00
9.9924965,-5.0225654,3.810424,1.0097884,-2.006662,53-5011.00
5.2541165,-7.783371,5.097136,3.254712,-1.0125035,53-5021.00
8.087472,-4.932631,5.0959783,2.9337018,-1.0484279,53-5022.00
5.628207,-6.61198,0.53967977,0.21200106,-1.4781711,53-5031.00
7.7838874,1.6755708,1.4419085,0.99825144,-2.3004198,53-6011.00
7.50313,3.4959548,2.0731351,1.8210928,-1.9618789,53-6021.00
7.973637,0.01370643,0.886265,2.4511342,-0.04716169,53-6031.00
0.45047155,-2.965404,-1.464906,2.4203966,-0.15327272,53-6041.00
1.5829144,-1.1260638,-0.15017796,2.5291686,-2.3637273,53-6051.00
0.7445313,-7.3148704,1.7097976,2.340602,-0.9731602,53-6051.01
8.176019,0.23812802,-1.0912868,-0.35753968,-2.0798273,53-6051.07
3.1860654,5.3367524,3.2776241,0.55215794,-1.9729986,53-6061.00
8.436533,-0.65202963,0.54672676,-1.1694195,-2.453489,53-7011.00
10.787411,-2.8170393,1.0249344,0.3740448,-1.2544506,53-7021.00
10.692665,-0.14716916,-0.056260154,0.19236757,-0.2643863,53-7031.00
8.911761,-3.2319,1.8471968,-0.19811088,-1.4527441,53-7041.00
12.110933,0.82202595,0.629616,0.65702134,-1.1109593,53-7051.00
10.974713,6.1312594,-0.38350248,0.7579533,1.0011448,53-7061.00
10.853976,5.070913,-0.5065679,-0.7441133,-0.351339,53-7062.00
10.261583,1.0069513,1.0502021,1.0050267,-0.5722643,53-7062.04
9.9751835,3.6557565,-1.35006,-0.27548805,-0.8035183,53-7063.00
9.548907,7.489418,-1.6659608,0.08111461,0.26220405,53-7064.00
6.8406854,4.688836,0.64166296,0.60049385,-0.8863808,53-7065.00
7.648853,-4.1362424,-0.19004238,0.52849185,-1.0388986,53-7071.00
7.5591345,-3.578478,-0.435523,0.62668943,-1.6816834,53-7072.00
9.618813,0.7161673,-1.5129055,-0.7678513,-0.8103485,53-7073.00
12.819223,5.5245695,1.1008295,-0.25740507,-1.6776404,53-7081.00
10.187356,-2.9196122,1.7191956,0.49882472,-1.9751807,53-7121.00
